section,subsection,pathways
1. Metabolism,1.0 Global and overview maps,K001100 Metabolic pathways
1. Metabolism,1.0 Global and overview maps,K001110 Biosynthesis of secondary metabolites
1. Metabolism,1.0 Global and overview maps,K001120 Microbial metabolism in diverse environments
1. Metabolism,1.0 Global and overview maps,K001200 Carbon metabolism
1. Metabolism,1.0 Global and overview maps,K001210 2-Oxocarboxylic acid metabolism
1. Metabolism,1.0 Global and overview maps,K001212 Fatty acid metabolism
1. Metabolism,1.0 Global and overview maps,K001230 Biosynthesis of amino acids
1. Metabolism,1.0 Global and overview maps,K001240 Biosynthesis of cofactors
1. Metabolism,1.0 Global and overview maps,K001220 Degradation of aromatic compounds
1. Metabolism,1.1 Carbohydrate metabolism,K000010 Glycolysis / Gluconeogenesis
1. Metabolism,1.1 Carbohydrate metabolism,K000020 Citrate cycle (TCA cycle)
1. Metabolism,1.1 Carbohydrate metabolism,K000030 Pentose phosphate pathway
1. Metabolism,1.1 Carbohydrate metabolism,K000040 Pentose and glucuronate interconversions
1. Metabolism,1.1 Carbohydrate metabolism,K000051 Fructose and mannose metabolism
1. Metabolism,1.1 Carbohydrate metabolism,K000052 Galactose metabolism
1. Metabolism,1.1 Carbohydrate metabolism,K000053 Ascorbate and aldarate metabolism
1. Metabolism,1.1 Carbohydrate metabolism,K000500 Starch and sucrose metabolism
1. Metabolism,1.1 Carbohydrate metabolism,K000520 Amino sugar and nucleotide sugar metabolism
1. Metabolism,1.1 Carbohydrate metabolism,K000620 Pyruvate metabolism
1. Metabolism,1.1 Carbohydrate metabolism,K000630 Glyoxylate and dicarboxylate metabolism
1. Metabolism,1.1 Carbohydrate metabolism,K000640 Propanoate metabolism
1. Metabolism,1.1 Carbohydrate metabolism,K000650 Butanoate metabolism
1. Metabolism,1.1 Carbohydrate metabolism,K000660 C5-Branched dibasic acid metabolism
1. Metabolism,1.1 Carbohydrate metabolism,K000562 Inositol phosphate metabolism
1. Metabolism,1.2 Energy metabolism,K000190 Oxidative phosphorylation
1. Metabolism,1.2 Energy metabolism,K000195 Photosynthesis
1. Metabolism,1.2 Energy metabolism,K000196 Photosynthesis - antenna proteins
1. Metabolism,1.2 Energy metabolism,K000710 Carbon fixation in photosynthetic organisms
1. Metabolism,1.2 Energy metabolism,K000720 Carbon fixation pathways in prokaryotes
1. Metabolism,1.2 Energy metabolism,K000680 Methane metabolism
1. Metabolism,1.2 Energy metabolism,K000910 Nitrogen metabolism
1. Metabolism,1.2 Energy metabolism,K000920 Sulfur metabolism
1. Metabolism,1.3 Lipid metabolism,K000061 Fatty acid biosynthesis
1. Metabolism,1.3 Lipid metabolism,K000062 Fatty acid elongation
1. Metabolism,1.3 Lipid metabolism,K000071 Fatty acid degradation
1. Metabolism,1.3 Lipid metabolism,K000072 Synthesis and degradation of ketone bodies
1. Metabolism,1.3 Lipid metabolism,"K000073 Cutin, suberine and wax biosynthesis"
1. Metabolism,1.3 Lipid metabolism,K000100 Steroid biosynthesis
1. Metabolism,1.3 Lipid metabolism,K000120 Primary bile acid biosynthesis
1. Metabolism,1.3 Lipid metabolism,K000121 Secondary bile acid biosynthesis
1. Metabolism,1.3 Lipid metabolism,K000140 Steroid hormone biosynthesis
1. Metabolism,1.3 Lipid metabolism,K000561 Glycerolipid metabolism
1. Metabolism,1.3 Lipid metabolism,K000564 Glycerophospholipid metabolism
1. Metabolism,1.3 Lipid metabolism,K000565 Ether lipid metabolism
1. Metabolism,1.3 Lipid metabolism,K000600 Sphingolipid metabolism
1. Metabolism,1.3 Lipid metabolism,K000590 Arachidonic acid metabolism
1. Metabolism,1.3 Lipid metabolism,K000591 Linoleic acid metabolism
1. Metabolism,1.3 Lipid metabolism,K000592 alpha-Linolenic acid metabolism
1. Metabolism,1.3 Lipid metabolism,K001040 Biosynthesis of unsaturated fatty acids
1. Metabolism,1.4 Nucleotide metabolism,K000230 Purine metabolism
1. Metabolism,1.4 Nucleotide metabolism,K000240 Pyrimidine metabolism
1. Metabolism,1.5 Amino acid metabolism,"K000250 Alanine, aspartate and glutamate metabolism"
1. Metabolism,1.5 Amino acid metabolism,"K000260 Glycine, serine and threonine metabolism"
1. Metabolism,1.5 Amino acid metabolism,K000270 Cysteine and methionine metabolism
1. Metabolism,1.5 Amino acid metabolism,"K000280 Valine, leucine and isoleucine degradation"
1. Metabolism,1.5 Amino acid metabolism,"K000290 Valine, leucine and isoleucine biosynthesis"
1. Metabolism,1.5 Amino acid metabolism,K000300 Lysine biosynthesis
1. Metabolism,1.5 Amino acid metabolism,K000310 Lysine degradation
1. Metabolism,1.5 Amino acid metabolism,K000220 Arginine biosynthesis
1. Metabolism,1.5 Amino acid metabolism,K000330 Arginine and proline metabolism
1. Metabolism,1.5 Amino acid metabolism,K000340 Histidine metabolism
1. Metabolism,1.5 Amino acid metabolism,K000350 Tyrosine metabolism
1. Metabolism,1.5 Amino acid metabolism,K000360 Phenylalanine metabolism
1. Metabolism,1.5 Amino acid metabolism,K000380 Tryptophan metabolism
1. Metabolism,1.5 Amino acid metabolism,"K000400 Phenylalanine, tyrosine and tryptophan biosynthesis"
1. Metabolism,1.6 Metabolism of other amino acids,K000410 beta-Alanine metabolism
1. Metabolism,1.6 Metabolism of other amino acids,K000430 Taurine and hypotaurine metabolism
1. Metabolism,1.6 Metabolism of other amino acids,K000440 Phosphonate and phosphinate metabolism
1. Metabolism,1.6 Metabolism of other amino acids,K000450 Selenocompound metabolism
1. Metabolism,1.6 Metabolism of other amino acids,K000460 Cyanoamino acid metabolism
1. Metabolism,1.6 Metabolism of other amino acids,K000471 D-Glutamine and D-glutamate metabolism
1. Metabolism,1.6 Metabolism of other amino acids,K000472 D-Arginine and D-ornithine metabolism
1. Metabolism,1.6 Metabolism of other amino acids,K000473 D-Alanine metabolism
1. Metabolism,1.6 Metabolism of other amino acids,K000480 Glutathione metabolism
1. Metabolism,1.7 Glycan biosynthesis and metabolism,K000510 N-Glycan biosynthesis
1. Metabolism,1.7 Glycan biosynthesis and metabolism,K000513 Various types of N-glycan biosynthesis
1. Metabolism,1.7 Glycan biosynthesis and metabolism,K000512 Mucin type O-glycan biosynthesis
1. Metabolism,1.7 Glycan biosynthesis and metabolism,K000515 Mannose type O-glycan biosynthesis
1. Metabolism,1.7 Glycan biosynthesis and metabolism,K000514 Other types of O-glycan biosynthesis
1. Metabolism,1.7 Glycan biosynthesis and metabolism,K000532 Glycosaminoglycan biosynthesis - chondroitin sulfate / dermatan sulfate
1. Metabolism,1.7 Glycan biosynthesis and metabolism,K000534 Glycosaminoglycan biosynthesis - heparan sulfate / heparin
1. Metabolism,1.7 Glycan biosynthesis and metabolism,K000533 Glycosaminoglycan biosynthesis - keratan sulfate
1. Metabolism,1.7 Glycan biosynthesis and metabolism,K000531 Glycosaminoglycan degradation
1. Metabolism,1.7 Glycan biosynthesis and metabolism,K000563 Glycosylphosphatidylinositol (GPI)-anchor biosynthesis
1. Metabolism,1.7 Glycan biosynthesis and metabolism,K000601 Glycosphingolipid biosynthesis - lacto and neolacto series
1. Metabolism,1.7 Glycan biosynthesis and metabolism,K000603 Glycosphingolipid biosynthesis - globo and isoglobo series
1. Metabolism,1.7 Glycan biosynthesis and metabolism,K000604 Glycosphingolipid biosynthesis - ganglio series
1. Metabolism,1.7 Glycan biosynthesis and metabolism,K000540 Lipopolysaccharide biosynthesis
1. Metabolism,1.7 Glycan biosynthesis and metabolism,K000542 O-Antigen repeat unit biosynthesis
1. Metabolism,1.7 Glycan biosynthesis and metabolism,K000541 O-Antigen nucleotide sugar biosynthesis
1. Metabolism,1.7 Glycan biosynthesis and metabolism,K000550 Peptidoglycan biosynthesis
1. Metabolism,1.7 Glycan biosynthesis and metabolism,K000511 Other glycan degradation
1. Metabolism,1.7 Glycan biosynthesis and metabolism,K000571 Lipoarabinomannan (LAM) biosynthesis
1. Metabolism,1.7 Glycan biosynthesis and metabolism,K000572 Arabinogalactan biosynthesis - Mycobacterium
1. Metabolism,1.8 Metabolism of cofactors and vitamins,K000730 Thiamine metabolism
1. Metabolism,1.8 Metabolism of cofactors and vitamins,K000740 Riboflavin metabolism
1. Metabolism,1.8 Metabolism of cofactors and vitamins,K000750 Vitamin B6 metabolism
1. Metabolism,1.8 Metabolism of cofactors and vitamins,K000760 Nicotinate and nicotinamide metabolism
1. Metabolism,1.8 Metabolism of cofactors and vitamins,K000770 Pantothenate and CoA biosynthesis
1. Metabolism,1.8 Metabolism of cofactors and vitamins,K000780 Biotin metabolism
1. Metabolism,1.8 Metabolism of cofactors and vitamins,K000785 Lipoic acid metabolism
1. Metabolism,1.8 Metabolism of cofactors and vitamins,K000790 Folate biosynthesis
1. Metabolism,1.8 Metabolism of cofactors and vitamins,K000670 One carbon pool by folate
1. Metabolism,1.8 Metabolism of cofactors and vitamins,K000830 Retinol metabolism
1. Metabolism,1.8 Metabolism of cofactors and vitamins,K000860 Porphyrin and chlorophyll metabolism
1. Metabolism,1.8 Metabolism of cofactors and vitamins,K000130 Ubiquinone and other terpenoid-quinone biosynthesis
1. Metabolism,1.9 Metabolism of terpenoids and polyketides,K000900 Terpenoid backbone biosynthesis
1. Metabolism,1.9 Metabolism of terpenoids and polyketides,K000902 Monoterpenoid biosynthesis
1. Metabolism,1.9 Metabolism of terpenoids and polyketides,K000909 Sesquiterpenoid and triterpenoid biosynthesis
1. Metabolism,1.9 Metabolism of terpenoids and polyketides,K000904 Diterpenoid biosynthesis
1. Metabolism,1.9 Metabolism of terpenoids and polyketides,K000906 Carotenoid biosynthesis
1. Metabolism,1.9 Metabolism of terpenoids and polyketides,K000905 Brassinosteroid biosynthesis
1. Metabolism,1.9 Metabolism of terpenoids and polyketides,K000981 Insect hormone biosynthesis
1. Metabolism,1.9 Metabolism of terpenoids and polyketides,K000908 Zeatin biosynthesis
1. Metabolism,1.9 Metabolism of terpenoids and polyketides,K000903 Limonene and pinene degradation
1. Metabolism,1.9 Metabolism of terpenoids and polyketides,K000281 Geraniol degradation
1. Metabolism,1.9 Metabolism of terpenoids and polyketides,K001052 Type I polyketide structures
1. Metabolism,1.9 Metabolism of terpenoids and polyketides,"K000522 Biosynthesis of 12-, 14- and 16-membered macrolides"
1. Metabolism,1.9 Metabolism of terpenoids and polyketides,K001051 Biosynthesis of ansamycins
1. Metabolism,1.9 Metabolism of terpenoids and polyketides,K001059 Biosynthesis of enediyne antibiotics
1. Metabolism,1.9 Metabolism of terpenoids and polyketides,K001056 Biosynthesis of type II polyketide backbone
1. Metabolism,1.9 Metabolism of terpenoids and polyketides,K001057 Biosynthesis of type II polyketide products
1. Metabolism,1.9 Metabolism of terpenoids and polyketides,K000253 Tetracycline biosynthesis
1. Metabolism,1.9 Metabolism of terpenoids and polyketides,K000523 Polyketide sugar unit biosynthesis
1. Metabolism,1.9 Metabolism of terpenoids and polyketides,K001054 Nonribosomal peptide structures
1. Metabolism,1.9 Metabolism of terpenoids and polyketides,K001053 Biosynthesis of siderophore group nonribosomal peptides
1. Metabolism,1.9 Metabolism of terpenoids and polyketides,K001055 Biosynthesis of vancomycin group antibiotics
1. Metabolism,1.10 Biosynthesis of other secondary metabolites,K000940 Phenylpropanoid biosynthesis
1. Metabolism,1.10 Biosynthesis of other secondary metabolites,"K000945 Stilbenoid, diarylheptanoid and gingerol biosynthesis"
1. Metabolism,1.10 Biosynthesis of other secondary metabolites,K000941 Flavonoid biosynthesis
1. Metabolism,1.10 Biosynthesis of other secondary metabolites,K000944 Flavone and flavonol biosynthesis
1. Metabolism,1.10 Biosynthesis of other secondary metabolites,K000942 Anthocyanin biosynthesis
1. Metabolism,1.10 Biosynthesis of other secondary metabolites,K000943 Isoflavonoid biosynthesis
1. Metabolism,1.10 Biosynthesis of other secondary metabolites,K000901 Indole alkaloid biosynthesis
1. Metabolism,1.10 Biosynthesis of other secondary metabolites,K000403 Indole diterpene alkaloid biosynthesis
1. Metabolism,1.10 Biosynthesis of other secondary metabolites,K000950 Isoquinoline alkaloid biosynthesis
1. Metabolism,1.10 Biosynthesis of other secondary metabolites,"K000960 Tropane, piperidine and pyridine alkaloid biosynthesis"
1. Metabolism,1.10 Biosynthesis of other secondary metabolites,K001058 Acridone alkaloid biosynthesis
1. Metabolism,1.10 Biosynthesis of other secondary metabolites,K000232 Caffeine metabolism
1. Metabolism,1.10 Biosynthesis of other secondary metabolites,K000965 Betalain biosynthesis
1. Metabolism,1.10 Biosynthesis of other secondary metabolites,K000966 Glucosinolate biosynthesis
1. Metabolism,1.10 Biosynthesis of other secondary metabolites,K000402 Benzoxazinoid biosynthesis
1. Metabolism,1.10 Biosynthesis of other secondary metabolites,K000311 Penicillin and cephalosporin biosynthesis
1. Metabolism,1.10 Biosynthesis of other secondary metabolites,K000332 Carbapenem biosynthesis
1. Metabolism,1.10 Biosynthesis of other secondary metabolites,K000261 Monobactam biosynthesis
1. Metabolism,1.10 Biosynthesis of other secondary metabolites,K000331 Clavulanic acid biosynthesis
1. Metabolism,1.10 Biosynthesis of other secondary metabolites,K000521 Streptomycin biosynthesis
1. Metabolism,1.10 Biosynthesis of other secondary metabolites,"K000524 Neomycin, kanamycin and gentamicin biosynthesis"
1. Metabolism,1.10 Biosynthesis of other secondary metabolites,K000525 Acarbose and validamycin biosynthesis
1. Metabolism,1.10 Biosynthesis of other secondary metabolites,K000401 Novobiocin biosynthesis
1. Metabolism,1.10 Biosynthesis of other secondary metabolites,K000404 Staurosporine biosynthesis
1. Metabolism,1.10 Biosynthesis of other secondary metabolites,K000405 Phenazine biosynthesis
1. Metabolism,1.10 Biosynthesis of other secondary metabolites,K000333 Prodigiosin biosynthesis
1. Metabolism,1.10 Biosynthesis of other secondary metabolites,K000254 Aflatoxin biosynthesis
1. Metabolism,1.10 Biosynthesis of other secondary metabolites,K000999 Biosynthesis of various secondary metabolites - part 1
1. Metabolism,1.10 Biosynthesis of other secondary metabolites,K000998 Biosynthesis of various secondary metabolites - part 2
1. Metabolism,1.10 Biosynthesis of other secondary metabolites,K000997 Biosynthesis of various secondary metabolites - part 3
1. Metabolism,1.11 Xenobiotics biodegradation and metabolism,K000362 Benzoate degradation
1. Metabolism,1.11 Xenobiotics biodegradation and metabolism,K000627 Aminobenzoate degradation
1. Metabolism,1.11 Xenobiotics biodegradation and metabolism,K000364 Fluorobenzoate degradation
1. Metabolism,1.11 Xenobiotics biodegradation and metabolism,K000625 Chloroalkane and chloroalkene degradation
1. Metabolism,1.11 Xenobiotics biodegradation and metabolism,K000361 Chlorocyclohexane and chlorobenzene degradation
1. Metabolism,1.11 Xenobiotics biodegradation and metabolism,K000623 Toluene degradation
1. Metabolism,1.11 Xenobiotics biodegradation and metabolism,K000622 Xylene degradation
1. Metabolism,1.11 Xenobiotics biodegradation and metabolism,K000633 Nitrotoluene degradation
1. Metabolism,1.11 Xenobiotics biodegradation and metabolism,K000642 Ethylbenzene degradation
1. Metabolism,1.11 Xenobiotics biodegradation and metabolism,K000643 Styrene degradation
1. Metabolism,1.11 Xenobiotics biodegradation and metabolism,K000791 Atrazine degradation
1. Metabolism,1.11 Xenobiotics biodegradation and metabolism,K000930 Caprolactam degradation
1. Metabolism,1.11 Xenobiotics biodegradation and metabolism,K000363 Bisphenol degradation
1. Metabolism,1.11 Xenobiotics biodegradation and metabolism,K000621 Dioxin degradation
1. Metabolism,1.11 Xenobiotics biodegradation and metabolism,K000626 Naphthalene degradation
1. Metabolism,1.11 Xenobiotics biodegradation and metabolism,K000624 Polycyclic aromatic hydrocarbon degradation
1. Metabolism,1.11 Xenobiotics biodegradation and metabolism,K000365 Furfural degradation
1. Metabolism,1.11 Xenobiotics biodegradation and metabolism,K000984 Steroid degradation
1. Metabolism,1.11 Xenobiotics biodegradation and metabolism,K000980 Metabolism of xenobiotics by cytochrome P450
1. Metabolism,1.11 Xenobiotics biodegradation and metabolism,K000982 Drug metabolism - cytochrome P450
1. Metabolism,1.11 Xenobiotics biodegradation and metabolism,K000983 Drug metabolism - other enzymes
1. Metabolism,1.12 Chemical structure transformation maps,K001010 Overview of biosynthetic pathways
1. Metabolism,1.12 Chemical structure transformation maps,K001060 Biosynthesis of plant secondary metabolites
1. Metabolism,1.12 Chemical structure transformation maps,K001061 Biosynthesis of phenylpropanoids
1. Metabolism,1.12 Chemical structure transformation maps,K001062 Biosynthesis of terpenoids and steroids
1. Metabolism,1.12 Chemical structure transformation maps,K001063 Biosynthesis of alkaloids derived from shikimate pathway
1. Metabolism,1.12 Chemical structure transformation maps,"K001064 Biosynthesis of alkaloids derived from ornithine, lysine and nicotinic acid"
1. Metabolism,1.12 Chemical structure transformation maps,K001065 Biosynthesis of alkaloids derived from histidine and purine
1. Metabolism,1.12 Chemical structure transformation maps,K001066 Biosynthesis of alkaloids derived from terpenoid and polyketide
1. Metabolism,1.12 Chemical structure transformation maps,K001070 Biosynthesis of plant hormones
2. Genetic Information Processing,2.1 Transcription,K003020 RNA polymerase
2. Genetic Information Processing,2.1 Transcription,K003022 Basal transcription factors
2. Genetic Information Processing,2.1 Transcription,K003040 Spliceosome
2. Genetic Information Processing,2.2 Translation,K003010 Ribosome
2. Genetic Information Processing,2.2 Translation,K000970 Aminoacyl-tRNA biosynthesis
2. Genetic Information Processing,2.2 Translation,K003013 Nucleocytoplasmic transport Title changed!
2. Genetic Information Processing,2.2 Translation,K003015 mRNA surveillance pathway
2. Genetic Information Processing,2.2 Translation,K003008 Ribosome biogenesis in eukaryotes
2. Genetic Information Processing,"2.3 Folding, sorting and degradation",K003060 Protein export
2. Genetic Information Processing,"2.3 Folding, sorting and degradation",K004141 Protein processing in endoplasmic reticulum
2. Genetic Information Processing,"2.3 Folding, sorting and degradation",K004130 SNARE interactions in vesicular transport
2. Genetic Information Processing,"2.3 Folding, sorting and degradation",K004120 Ubiquitin mediated proteolysis
2. Genetic Information Processing,"2.3 Folding, sorting and degradation",K004122 Sulfur relay system
2. Genetic Information Processing,"2.3 Folding, sorting and degradation",K003050 Proteasome
2. Genetic Information Processing,"2.3 Folding, sorting and degradation",K003018 RNA degradation
2. Genetic Information Processing,2.4 Replication and repair,K003030 DNA replication
2. Genetic Information Processing,2.4 Replication and repair,K003410 Base excision repair
2. Genetic Information Processing,2.4 Replication and repair,K003420 Nucleotide excision repair
2. Genetic Information Processing,2.4 Replication and repair,K003430 Mismatch repair
2. Genetic Information Processing,2.4 Replication and repair,K003440 Homologous recombination
2. Genetic Information Processing,2.4 Replication and repair,K003450 Non-homologous end-joining
2. Genetic Information Processing,2.4 Replication and repair,K003460 Fanconi anemia pathway
2. Genetic Information Processing,2.5 Information processing in viruses,K003230 Viral genome structure New!
3. Environmental Information Processing,3.1 Membrane transport,K002010 ABC transporters
3. Environmental Information Processing,3.1 Membrane transport,K002060 Phosphotransferase system (PTS)
3. Environmental Information Processing,3.1 Membrane transport,K003070 Bacterial secretion system
3. Environmental Information Processing,3.2 Signal transduction,K002020 Two-component system
3. Environmental Information Processing,3.2 Signal transduction,K004010 MAPK signaling pathway
3. Environmental Information Processing,3.2 Signal transduction,K004013 MAPK signaling pathway - fly
3. Environmental Information Processing,3.2 Signal transduction,K004016 MAPK signaling pathway - plant
3. Environmental Information Processing,3.2 Signal transduction,K004011 MAPK signaling pathway - yeast
3. Environmental Information Processing,3.2 Signal transduction,K004012 ErbB signaling pathway
3. Environmental Information Processing,3.2 Signal transduction,K004014 Ras signaling pathway
3. Environmental Information Processing,3.2 Signal transduction,K004015 Rap1 signaling pathway
3. Environmental Information Processing,3.2 Signal transduction,K004310 Wnt signaling pathway
3. Environmental Information Processing,3.2 Signal transduction,K004330 Notch signaling pathway
3. Environmental Information Processing,3.2 Signal transduction,K004340 Hedgehog signaling pathway
3. Environmental Information Processing,3.2 Signal transduction,K004341 Hedgehog signaling pathway - fly
3. Environmental Information Processing,3.2 Signal transduction,K004350 TGF-beta signaling pathway
3. Environmental Information Processing,3.2 Signal transduction,K004390 Hippo signaling pathway
3. Environmental Information Processing,3.2 Signal transduction,K004391 Hippo signaling pathway - fly
3. Environmental Information Processing,3.2 Signal transduction,K004392 Hippo signaling pathway - multiple species
3. Environmental Information Processing,3.2 Signal transduction,K004370 VEGF signaling pathway
3. Environmental Information Processing,3.2 Signal transduction,K004371 Apelin signaling pathway
3. Environmental Information Processing,3.2 Signal transduction,K004630 JAK-STAT signaling pathway
3. Environmental Information Processing,3.2 Signal transduction,K004064 NF-kappa B signaling pathway
3. Environmental Information Processing,3.2 Signal transduction,K004668 TNF signaling pathway
3. Environmental Information Processing,3.2 Signal transduction,K004066 HIF-1 signaling pathway
3. Environmental Information Processing,3.2 Signal transduction,K004068 FoxO signaling pathway
3. Environmental Information Processing,3.2 Signal transduction,K004020 Calcium signaling pathway
3. Environmental Information Processing,3.2 Signal transduction,K004070 Phosphatidylinositol signaling system
3. Environmental Information Processing,3.2 Signal transduction,K004072 Phospholipase D signaling pathway
3. Environmental Information Processing,3.2 Signal transduction,K004071 Sphingolipid signaling pathway
3. Environmental Information Processing,3.2 Signal transduction,K004024 cAMP signaling pathway
3. Environmental Information Processing,3.2 Signal transduction,K004022 cGMP-PKG signaling pathway
3. Environmental Information Processing,3.2 Signal transduction,K004151 PI3K-Akt signaling pathway
3. Environmental Information Processing,3.2 Signal transduction,K004152 AMPK signaling pathway
3. Environmental Information Processing,3.2 Signal transduction,K004150 mTOR signaling pathway
3. Environmental Information Processing,3.2 Signal transduction,K004075 Plant hormone signal transduction
3. Environmental Information Processing,3.3 Signaling molecules and interaction,K004080 Neuroactive ligand-receptor interaction
3. Environmental Information Processing,3.3 Signaling molecules and interaction,K004060 Cytokine-cytokine receptor interaction
3. Environmental Information Processing,3.3 Signaling molecules and interaction,K004061 Viral protein interaction with cytokine and cytokine receptor
3. Environmental Information Processing,3.3 Signaling molecules and interaction,K004512 ECM-receptor interaction
3. Environmental Information Processing,3.3 Signaling molecules and interaction,K004514 Cell adhesion molecules
4. Cellular Processes,4.1 Transport and catabolism,K004144 Endocytosis
4. Cellular Processes,4.1 Transport and catabolism,K004145 Phagosome
4. Cellular Processes,4.1 Transport and catabolism,K004142 Lysosome
4. Cellular Processes,4.1 Transport and catabolism,K004146 Peroxisome
4. Cellular Processes,4.1 Transport and catabolism,K004140 Autophagy - animal
4. Cellular Processes,4.1 Transport and catabolism,K004138 Autophagy - yeast
4. Cellular Processes,4.1 Transport and catabolism,K004136 Autophagy - other
4. Cellular Processes,4.1 Transport and catabolism,K004137 Mitophagy - animal
4. Cellular Processes,4.1 Transport and catabolism,K004139 Mitophagy - yeast
4. Cellular Processes,4.2 Cell growth and death,K004110 Cell cycle
4. Cellular Processes,4.2 Cell growth and death,K004111 Cell cycle - yeast
4. Cellular Processes,4.2 Cell growth and death,K004112 Cell cycle - Caulobacter
4. Cellular Processes,4.2 Cell growth and death,K004113 Meiosis - yeast
4. Cellular Processes,4.2 Cell growth and death,K004114 Oocyte meiosis
4. Cellular Processes,4.2 Cell growth and death,K004210 Apoptosis
4. Cellular Processes,4.2 Cell growth and death,K004214 Apoptosis - fly
4. Cellular Processes,4.2 Cell growth and death,K004215 Apoptosis - multiple species
4. Cellular Processes,4.2 Cell growth and death,K004216 Ferroptosis
4. Cellular Processes,4.2 Cell growth and death,K004217 Necroptosis
4. Cellular Processes,4.2 Cell growth and death,K004115 p53 signaling pathway
4. Cellular Processes,4.2 Cell growth and death,K004218 Cellular senescence
4. Cellular Processes,4.3 Cellular community - eukaryotes,K004510 Focal adhesion
4. Cellular Processes,4.3 Cellular community - eukaryotes,K004520 Adherens junction
4. Cellular Processes,4.3 Cellular community - eukaryotes,K004530 Tight junction
4. Cellular Processes,4.3 Cellular community - eukaryotes,K004540 Gap junction
4. Cellular Processes,4.3 Cellular community - eukaryotes,K004550 Signaling pathways regulating pluripotency of stem cells
4. Cellular Processes,4.4 Cellular community - prokaryotes,K002024 Quorum sensing
4. Cellular Processes,4.4 Cellular community - prokaryotes,K005111 Biofilm formation - Vibrio cholerae
4. Cellular Processes,4.4 Cellular community - prokaryotes,K002025 Biofilm formation - Pseudomonas aeruginosa
4. Cellular Processes,4.4 Cellular community - prokaryotes,K002026 Biofilm formation - Escherichia coli
4. Cellular Processes,4.5 Cell motility,K002030 Bacterial chemotaxis
4. Cellular Processes,4.5 Cell motility,K002040 Flagellar assembly
4. Cellular Processes,4.5 Cell motility,K004810 Regulation of actin cytoskeleton
5. Organismal Systems,5.1 Immune system,K004640 Hematopoietic cell lineage
5. Organismal Systems,5.1 Immune system,K004610 Complement and coagulation cascades
5. Organismal Systems,5.1 Immune system,K004611 Platelet activation
5. Organismal Systems,5.1 Immune system,K004613 Neutrophil extracellular trap formation
5. Organismal Systems,5.1 Immune system,K004620 Toll-like receptor signaling pathway
5. Organismal Systems,5.1 Immune system,K004624 Toll and Imd signaling pathway
5. Organismal Systems,5.1 Immune system,K004621 NOD-like receptor signaling pathway
5. Organismal Systems,5.1 Immune system,K004622 RIG-I-like receptor signaling pathway
5. Organismal Systems,5.1 Immune system,K004623 Cytosolic DNA-sensing pathway
5. Organismal Systems,5.1 Immune system,K004625 C-type lectin receptor signaling pathway
5. Organismal Systems,5.1 Immune system,K004650 Natural killer cell mediated cytotoxicity
5. Organismal Systems,5.1 Immune system,K004612 Antigen processing and presentation
5. Organismal Systems,5.1 Immune system,K004660 T cell receptor signaling pathway
5. Organismal Systems,5.1 Immune system,K004658 Th1 and Th2 cell differentiation
5. Organismal Systems,5.1 Immune system,K004659 Th17 cell differentiation
5. Organismal Systems,5.1 Immune system,K004657 IL-17 signaling pathway
5. Organismal Systems,5.1 Immune system,K004662 B cell receptor signaling pathway
5. Organismal Systems,5.1 Immune system,K004664 Fc epsilon RI signaling pathway
5. Organismal Systems,5.1 Immune system,K004666 Fc gamma R-mediated phagocytosis
5. Organismal Systems,5.1 Immune system,K004670 Leukocyte transendothelial migration
5. Organismal Systems,5.1 Immune system,K004672 Intestinal immune network for IgA production
5. Organismal Systems,5.1 Immune system,K004062 Chemokine signaling pathway
5. Organismal Systems,5.2 Endocrine system,K004911 Insulin secretion
5. Organismal Systems,5.2 Endocrine system,K004910 Insulin signaling pathway
5. Organismal Systems,5.2 Endocrine system,K004922 Glucagon signaling pathway
5. Organismal Systems,5.2 Endocrine system,K004923 Regulation of lipolysis in adipocytes
5. Organismal Systems,5.2 Endocrine system,K004920 Adipocytokine signaling pathway
5. Organismal Systems,5.2 Endocrine system,K003320 PPAR signaling pathway
5. Organismal Systems,5.2 Endocrine system,K004929 GnRH secretion
5. Organismal Systems,5.2 Endocrine system,K004912 GnRH signaling pathway
5. Organismal Systems,5.2 Endocrine system,K004913 Ovarian steroidogenesis
5. Organismal Systems,5.2 Endocrine system,K004915 Estrogen signaling pathway
5. Organismal Systems,5.2 Endocrine system,K004914 Progesterone-mediated oocyte maturation
5. Organismal Systems,5.2 Endocrine system,K004917 Prolactin signaling pathway
5. Organismal Systems,5.2 Endocrine system,K004921 Oxytocin signaling pathway
5. Organismal Systems,5.2 Endocrine system,K004926 Relaxin signaling pathway
5. Organismal Systems,5.2 Endocrine system,"K004935 Growth hormone synthesis, secretion and action"
5. Organismal Systems,5.2 Endocrine system,K004918 Thyroid hormone synthesis
5. Organismal Systems,5.2 Endocrine system,K004919 Thyroid hormone signaling pathway
5. Organismal Systems,5.2 Endocrine system,"K004928 Parathyroid hormone synthesis, secretion and action"
5. Organismal Systems,5.2 Endocrine system,K004916 Melanogenesis
5. Organismal Systems,5.2 Endocrine system,K004924 Renin secretion
5. Organismal Systems,5.2 Endocrine system,K004614 Renin-angiotensin system
5. Organismal Systems,5.2 Endocrine system,K004925 Aldosterone synthesis and secretion
5. Organismal Systems,5.2 Endocrine system,K004927 Cortisol synthesis and secretion
5. Organismal Systems,5.3 Circulatory system,K004260 Cardiac muscle contraction
5. Organismal Systems,5.3 Circulatory system,K004261 Adrenergic signaling in cardiomyocytes
5. Organismal Systems,5.3 Circulatory system,K004270 Vascular smooth muscle contraction
5. Organismal Systems,5.4 Digestive system,K004970 Salivary secretion
5. Organismal Systems,5.4 Digestive system,K004971 Gastric acid secretion
5. Organismal Systems,5.4 Digestive system,K004972 Pancreatic secretion
5. Organismal Systems,5.4 Digestive system,K004976 Bile secretion
5. Organismal Systems,5.4 Digestive system,K004973 Carbohydrate digestion and absorption
5. Organismal Systems,5.4 Digestive system,K004974 Protein digestion and absorption
5. Organismal Systems,5.4 Digestive system,K004975 Fat digestion and absorption
5. Organismal Systems,5.4 Digestive system,K004979 Cholesterol metabolism
5. Organismal Systems,5.4 Digestive system,K004977 Vitamin digestion and absorption
5. Organismal Systems,5.4 Digestive system,K004978 Mineral absorption
5. Organismal Systems,5.5 Excretory system,K004962 Vasopressin-regulated water reabsorption
5. Organismal Systems,5.5 Excretory system,K004960 Aldosterone-regulated sodium reabsorption
5. Organismal Systems,5.5 Excretory system,K004961 Endocrine and other factor-regulated calcium reabsorption
5. Organismal Systems,5.5 Excretory system,K004964 Proximal tubule bicarbonate reclamation
5. Organismal Systems,5.5 Excretory system,K004966 Collecting duct acid secretion
5. Organismal Systems,5.6 Nervous system,K004724 Glutamatergic synapse
5. Organismal Systems,5.6 Nervous system,K004727 GABAergic synapse
5. Organismal Systems,5.6 Nervous system,K004725 Cholinergic synapse
5. Organismal Systems,5.6 Nervous system,K004728 Dopaminergic synapse
5. Organismal Systems,5.6 Nervous system,K004726 Serotonergic synapse
5. Organismal Systems,5.6 Nervous system,K004720 Long-term potentiation
5. Organismal Systems,5.6 Nervous system,K004730 Long-term depression
5. Organismal Systems,5.6 Nervous system,K004723 Retrograde endocannabinoid signaling
5. Organismal Systems,5.6 Nervous system,K004721 Synaptic vesicle cycle
5. Organismal Systems,5.6 Nervous system,K004722 Neurotrophin signaling pathway
5. Organismal Systems,5.7 Sensory system,K004744 Phototransduction
5. Organismal Systems,5.7 Sensory system,K004745 Phototransduction - fly
5. Organismal Systems,5.7 Sensory system,K004740 Olfactory transduction
5. Organismal Systems,5.7 Sensory system,K004742 Taste transduction
5. Organismal Systems,5.7 Sensory system,K004750 Inflammatory mediator regulation of TRP channels
5. Organismal Systems,5.8 Development and regeneration,K004320 Dorso-ventral axis formation
5. Organismal Systems,5.8 Development and regeneration,K004360 Axon guidance
5. Organismal Systems,5.8 Development and regeneration,K004361 Axon regeneration
5. Organismal Systems,5.8 Development and regeneration,K004380 Osteoclast differentiation
5. Organismal Systems,5.9 Aging,K004211 Longevity regulating pathway
5. Organismal Systems,5.9 Aging,K004212 Longevity regulating pathway - worm
5. Organismal Systems,5.9 Aging,K004213 Longevity regulating pathway - multiple species
5. Organismal Systems,5.10 Environmental adaptation,K004710 Circadian rhythm
5. Organismal Systems,5.10 Environmental adaptation,K004713 Circadian entrainment
5. Organismal Systems,5.10 Environmental adaptation,K004711 Circadian rhythm - fly
5. Organismal Systems,5.10 Environmental adaptation,K004712 Circadian rhythm - plant
5. Organismal Systems,5.10 Environmental adaptation,K004714 Thermogenesis
5. Organismal Systems,5.10 Environmental adaptation,K004626 Plant-pathogen interaction
6. Human Diseases,6.1 Cancer: overview,K005200 Pathways in cancer
6. Human Diseases,6.1 Cancer: overview,K005202 Transcriptional misregulation in cancer
6. Human Diseases,6.1 Cancer: overview,K005206 MicroRNAs in cancer
6. Human Diseases,6.1 Cancer: overview,K005205 Proteoglycans in cancer
6. Human Diseases,6.1 Cancer: overview,K005204 Chemical carcinogenesis - DNA adducts Title changed!
6. Human Diseases,6.1 Cancer: overview,K005207 Chemical carcinogenesis - receptor activation New!
6. Human Diseases,6.1 Cancer: overview,K005208 Chemical carcinogenesis - reactive oxygen species New!
6. Human Diseases,6.1 Cancer: overview,K005203 Viral carcinogenesis
6. Human Diseases,6.1 Cancer: overview,K005230 Central carbon metabolism in cancer
6. Human Diseases,6.1 Cancer: overview,K005231 Choline metabolism in cancer
6. Human Diseases,6.1 Cancer: overview,K005235 PD-L1 expression and PD-1 checkpoint pathway in cancer
6. Human Diseases,6.2 Cancer: specific types,K005210 Colorectal cancer
6. Human Diseases,6.2 Cancer: specific types,K005212 Pancreatic cancer
6. Human Diseases,6.2 Cancer: specific types,K005225 Hepatocellular carcinoma
6. Human Diseases,6.2 Cancer: specific types,K005226 Gastric cancer
6. Human Diseases,6.2 Cancer: specific types,K005214 Glioma
6. Human Diseases,6.2 Cancer: specific types,K005216 Thyroid cancer
6. Human Diseases,6.2 Cancer: specific types,K005221 Acute myeloid leukemia
6. Human Diseases,6.2 Cancer: specific types,K005220 Chronic myeloid leukemia
6. Human Diseases,6.2 Cancer: specific types,K005217 Basal cell carcinoma
6. Human Diseases,6.2 Cancer: specific types,K005218 Melanoma
6. Human Diseases,6.2 Cancer: specific types,K005211 Renal cell carcinoma
6. Human Diseases,6.2 Cancer: specific types,K005219 Bladder cancer
6. Human Diseases,6.2 Cancer: specific types,K005215 Prostate cancer
6. Human Diseases,6.2 Cancer: specific types,K005213 Endometrial cancer
6. Human Diseases,6.2 Cancer: specific types,K005224 Breast cancer
6. Human Diseases,6.2 Cancer: specific types,K005222 Small cell lung cancer
6. Human Diseases,6.2 Cancer: specific types,K005223 Non-small cell lung cancer
6. Human Diseases,6.3 Infectious disease: viral,K005166 Human T-cell leukemia virus 1 infection
6. Human Diseases,6.3 Infectious disease: viral,K005170 Human immunodeficiency virus 1 infection
6. Human Diseases,6.3 Infectious disease: viral,K005161 Hepatitis B
6. Human Diseases,6.3 Infectious disease: viral,K005160 Hepatitis C
6. Human Diseases,6.3 Infectious disease: viral,K005171 Coronavirus disease - COVID-19
6. Human Diseases,6.3 Infectious disease: viral,K005164 Influenza A
6. Human Diseases,6.3 Infectious disease: viral,K005162 Measles
6. Human Diseases,6.3 Infectious disease: viral,K005168 Herpes simplex virus 1 infection
6. Human Diseases,6.3 Infectious disease: viral,K005163 Human cytomegalovirus infection
6. Human Diseases,6.3 Infectious disease: viral,K005167 Kaposi sarcoma-associated herpesvirus infection
6. Human Diseases,6.3 Infectious disease: viral,K005169 Epstein-Barr virus infection
6. Human Diseases,6.3 Infectious disease: viral,K005165 Human papillomavirus infection
6. Human Diseases,6.4 Infectious disease: bacterial,K005110 Vibrio cholerae infection
6. Human Diseases,6.4 Infectious disease: bacterial,K005120 Epithelial cell signaling in Helicobacter pylori infection
6. Human Diseases,6.4 Infectious disease: bacterial,K005130 Pathogenic Escherichia coli infection
6. Human Diseases,6.4 Infectious disease: bacterial,K005132 Salmonella infection
6. Human Diseases,6.4 Infectious disease: bacterial,K005131 Shigellosis
6. Human Diseases,6.4 Infectious disease: bacterial,K005135 Yersinia infection
6. Human Diseases,6.4 Infectious disease: bacterial,K005133 Pertussis
6. Human Diseases,6.4 Infectious disease: bacterial,K005134 Legionellosis
6. Human Diseases,6.4 Infectious disease: bacterial,K005150 Staphylococcus aureus infection
6. Human Diseases,6.4 Infectious disease: bacterial,K005152 Tuberculosis
6. Human Diseases,6.4 Infectious disease: bacterial,K005100 Bacterial invasion of epithelial cells
6. Human Diseases,6.5 Infectious disease: parasitic,K005146 Amoebiasis
6. Human Diseases,6.5 Infectious disease: parasitic,K005144 Malaria
6. Human Diseases,6.5 Infectious disease: parasitic,K005145 Toxoplasmosis
6. Human Diseases,6.5 Infectious disease: parasitic,K005140 Leishmaniasis
6. Human Diseases,6.5 Infectious disease: parasitic,K005142 Chagas disease
6. Human Diseases,6.5 Infectious disease: parasitic,K005143 African trypanosomiasis
6. Human Diseases,6.6 Immune disease,K005310 Asthma
6. Human Diseases,6.6 Immune disease,K005322 Systemic lupus erythematosus
6. Human Diseases,6.6 Immune disease,K005323 Rheumatoid arthritis
6. Human Diseases,6.6 Immune disease,K005320 Autoimmune thyroid disease
6. Human Diseases,6.6 Immune disease,K005321 Inflammatory bowel disease
6. Human Diseases,6.6 Immune disease,K005330 Allograft rejection
6. Human Diseases,6.6 Immune disease,K005332 Graft-versus-host disease
6. Human Diseases,6.6 Immune disease,K005340 Primary immunodeficiency
6. Human Diseases,6.7 Neurodegenerative disease,K005010 Alzheimer disease
6. Human Diseases,6.7 Neurodegenerative disease,K005012 Parkinson disease
6. Human Diseases,6.7 Neurodegenerative disease,K005014 Amyotrophic lateral sclerosis
6. Human Diseases,6.7 Neurodegenerative disease,K005016 Huntington disease
6. Human Diseases,6.7 Neurodegenerative disease,K005017 Spinocerebellar ataxia
6. Human Diseases,6.7 Neurodegenerative disease,K005020 Prion disease
6. Human Diseases,6.7 Neurodegenerative disease,K005022 Pathways of neurodegeneration - multiple diseases
6. Human Diseases,6.8 Substance dependence,K005030 Cocaine addiction
6. Human Diseases,6.8 Substance dependence,K005031 Amphetamine addiction
6. Human Diseases,6.8 Substance dependence,K005032 Morphine addiction
6. Human Diseases,6.8 Substance dependence,K005033 Nicotine addiction
6. Human Diseases,6.8 Substance dependence,K005034 Alcoholism
6. Human Diseases,6.9 Cardiovascular disease,K005417 Lipid and atherosclerosis
6. Human Diseases,6.9 Cardiovascular disease,K005418 Fluid shear stress and atherosclerosis
6. Human Diseases,6.9 Cardiovascular disease,K005410 Hypertrophic cardiomyopathy
6. Human Diseases,6.9 Cardiovascular disease,K005412 Arrhythmogenic right ventricular cardiomyopathy
6. Human Diseases,6.9 Cardiovascular disease,K005414 Dilated cardiomyopathy
6. Human Diseases,6.9 Cardiovascular disease,K005415 Diabetic cardiomyopathy
6. Human Diseases,6.9 Cardiovascular disease,K005416 Viral myocarditis
6. Human Diseases,6.10 Endocrine and metabolic disease,K004930 Type II diabetes mellitus
6. Human Diseases,6.10 Endocrine and metabolic disease,K004940 Type I diabetes mellitus
6. Human Diseases,6.10 Endocrine and metabolic disease,K004950 Maturity onset diabetes of the young
6. Human Diseases,6.10 Endocrine and metabolic disease,K004932 Non-alcoholic fatty liver disease
6. Human Diseases,6.10 Endocrine and metabolic disease,K004931 Insulin resistance
6. Human Diseases,6.10 Endocrine and metabolic disease,K004933 AGE-RAGE signaling pathway in diabetic complications
6. Human Diseases,6.10 Endocrine and metabolic disease,K004934 Cushing syndrome
6. Human Diseases,6.11 Drug resistance: antimicrobial,K001501 beta-Lactam resistance
6. Human Diseases,6.11 Drug resistance: antimicrobial,K001502 Vancomycin resistance
6. Human Diseases,6.11 Drug resistance: antimicrobial,K001503 Cationic antimicrobial peptide (CAMP) resistance
6. Human Diseases,6.12 Drug resistance: antineoplastic,K001521 EGFR tyrosine kinase inhibitor resistance
6. Human Diseases,6.12 Drug resistance: antineoplastic,K001524 Platinum drug resistance
6. Human Diseases,6.12 Drug resistance: antineoplastic,K001523 Antifolate resistance
6. Human Diseases,6.12 Drug resistance: antineoplastic,K001522 Endocrine resistance
7. Drug Development,7.1 Chronology: Antiinfectives,K007011 Penicillins
7. Drug Development,7.1 Chronology: Antiinfectives,K007012 Cephalosporins - parenteral agents
7. Drug Development,7.1 Chronology: Antiinfectives,K007013 Cephalosporins - oral agents
7. Drug Development,7.1 Chronology: Antiinfectives,K007021 Aminoglycosides
7. Drug Development,7.1 Chronology: Antiinfectives,K007019 Tetracyclines
7. Drug Development,7.1 Chronology: Antiinfectives,K007020 Macrolides and ketolides
7. Drug Development,7.1 Chronology: Antiinfectives,K007014 Quinolones
7. Drug Development,7.1 Chronology: Antiinfectives,K007023 Rifamycins
7. Drug Development,7.1 Chronology: Antiinfectives,K007026 Antifungal agents
7. Drug Development,7.1 Chronology: Antiinfectives,K007044 Antiviral agents
7. Drug Development,7.1 Chronology: Antiinfectives,K007053 Anti-HIV agents
7. Drug Development,7.2 Chronology: Antineoplastics,K007040 Antineoplastics - alkylating agents
7. Drug Development,7.2 Chronology: Antineoplastics,K007041 Antineoplastics - antimetabolic agents
7. Drug Development,7.2 Chronology: Antineoplastics,K007042 Antineoplastics - agents from natural products
7. Drug Development,7.2 Chronology: Antineoplastics,K007043 Antineoplastics - hormones
7. Drug Development,7.2 Chronology: Antineoplastics,K007045 Antineoplastics - protein kinase inhibitors
7. Drug Development,7.3 Chronology: Nervous system agents,K007032 Hypnotics
7. Drug Development,7.3 Chronology: Nervous system agents,K007030 Anxiolytics
7. Drug Development,7.3 Chronology: Nervous system agents,K007033 Anticonvulsants
7. Drug Development,7.3 Chronology: Nervous system agents,K007015 Local analgesics
7. Drug Development,7.3 Chronology: Nervous system agents,K007039 Opioid analgesics
7. Drug Development,7.3 Chronology: Nervous system agents,K007028 Antipsychotics
7. Drug Development,7.3 Chronology: Nervous system agents,K007029 Antipsychotics - phenothiazines
7. Drug Development,7.3 Chronology: Nervous system agents,K007031 Antipsychotics - butyrophenones
7. Drug Development,7.3 Chronology: Nervous system agents,K007027 Antidepressants
7. Drug Development,7.3 Chronology: Nervous system agents,K007056 Agents for Alzheimer-type dementia
7. Drug Development,7.3 Chronology: Nervous system agents,K007057 Antiparkinsonian agents
7. Drug Development,7.4 Chronology: Other drugs,K007055 Sulfonamide derivatives - overview
7. Drug Development,7.4 Chronology: Other drugs,K007016 Sulfonamide derivatives - sulfa drugs
7. Drug Development,7.4 Chronology: Other drugs,K007017 Sulfonamide derivatives - diuretics
7. Drug Development,7.4 Chronology: Other drugs,K007018 Sulfonamide derivatives - hypoglycemic agents
7. Drug Development,7.4 Chronology: Other drugs,K007037 Antiarrhythmic drugs
7. Drug Development,7.4 Chronology: Other drugs,K007038 Antiulcer drugs
7. Drug Development,7.4 Chronology: Other drugs,K007046 Immunosuppressive agents
7. Drug Development,7.4 Chronology: Other drugs,K007047 Osteoporosis drugs
7. Drug Development,7.4 Chronology: Other drugs,K007048 Antimigraines
7. Drug Development,7.4 Chronology: Other drugs,K007049 Antithrombosis agents
7. Drug Development,7.4 Chronology: Other drugs,K007050 Antirheumatics - DMARDs and biological agents
7. Drug Development,7.4 Chronology: Other drugs,K007051 Antidiabetics
7. Drug Development,7.4 Chronology: Other drugs,K007052 Antidyslipidemic agents
7. Drug Development,7.4 Chronology: Other drugs,K007054 Antiglaucoma agents
7. Drug Development,7.5 Target-based classification: G protein-coupled receptors,K007220 Cholinergic and anticholinergic drugs
7. Drug Development,7.5 Target-based classification: G protein-coupled receptors,K007215 alpha-Adrenergic receptor agonists/antagonists
7. Drug Development,7.5 Target-based classification: G protein-coupled receptors,K007214 beta-Adrenergic receptor agonists/antagonists
7. Drug Development,7.5 Target-based classification: G protein-coupled receptors,K007213 Dopamine receptor agonists/antagonists
7. Drug Development,7.5 Target-based classification: G protein-coupled receptors,K007212 Histamine H1 receptor antagonists
7. Drug Development,7.5 Target-based classification: G protein-coupled receptors,K007227 Histamine H2/H3 receptor agonists/antagonists
7. Drug Development,7.5 Target-based classification: G protein-coupled receptors,K007211 Serotonin receptor agonists/antagonists
7. Drug Development,7.5 Target-based classification: G protein-coupled receptors,K007228 Eicosanoid receptor agonists/antagonists
7. Drug Development,7.5 Target-based classification: G protein-coupled receptors,K007224 Opioid receptor agonists/antagonists
7. Drug Development,7.5 Target-based classification: G protein-coupled receptors,K007229 Angiotensin receptor and endothelin receptor antagonists
7. Drug Development,7.6 Target-based classification: Nuclear receptors,K007225 Glucocorticoid and mineralocorticoid receptor agonists/antagonists
7. Drug Development,7.6 Target-based classification: Nuclear receptors,"K007226 Progesterone, androgen and estrogen receptor agonists/antagonists"
7. Drug Development,7.6 Target-based classification: Nuclear receptors,K007223 Retinoic acid receptor (RAR) and retinoid X receptor (RXR) agonists/antagonists
7. Drug Development,7.6 Target-based classification: Nuclear receptors,K007222 Peroxisome proliferator-activated receptor (PPAR) agonists
7. Drug Development,7.7 Target-based classification: Ion channels,K007221 Nicotinic cholinergic receptor antagonists
7. Drug Development,7.7 Target-based classification: Ion channels,K007230 GABA-A receptor agonists/antagonists
7. Drug Development,7.7 Target-based classification: Ion channels,K007036 Calcium channel blocking drugs
7. Drug Development,7.7 Target-based classification: Ion channels,K007231 Sodium channel blocking drugs
7. Drug Development,7.7 Target-based classification: Ion channels,K007232 Potassium channel blocking and opening drugs
7. Drug Development,7.7 Target-based classification: Ion channels,K007235 N-Methyl-D-aspartic acid (NMDA) receptor antagonists
7. Drug Development,7.8 Target-based classification: Transporters,K007233 Ion transporter inhibitors
7. Drug Development,7.8 Target-based classification: Transporters,K007234 Neurotransmitter transporter inhibitors
7. Drug Development,7.9 Target-based classification: Enzymes,K007216 Catecholamine transferase inhibitors
7. Drug Development,7.9 Target-based classification: Enzymes,K007219 Cyclooxygenase inhibitors
7. Drug Development,7.9 Target-based classification: Enzymes,K007024 HMG-CoA reductase inhibitors
7. Drug Development,7.9 Target-based classification: Enzymes,K007217 Renin-angiotensin system inhibitors
7. Drug Development,7.9 Target-based classification: Enzymes,K007218 HIV protease inhibitors
7. Drug Development,7.10 Structure-based classification,K007025 Quinolines
7. Drug Development,7.10 Structure-based classification,K007034 Eicosanoids
7. Drug Development,7.10 Structure-based classification,K007035 Prostaglandins
7. Drug Development,7.11 Skeleton-based classification,K007110 Benzoic acid family
7. Drug Development,7.11 Skeleton-based classification,"K007112 1,2-Diphenyl substitution family"
7. Drug Development,7.11 Skeleton-based classification,K007114 Naphthalene family
7. Drug Development,7.11 Skeleton-based classification,K007117 Benzodiazepine family
